Barcelona,město
Cairo,město
Mumbai,
Sydney,
Rome,
Berlin,
Prague,
Rio de Janeiro,
Bangkok,
Istanbul,
Nairobi,
Amsterdam,
Montreal,
Buenos Aires,
Seoul,
Vienna,
Kuala Lumpur,
Warsaw,
Jakarta,
Dublin,
Copenhagen,
Budapest,
Lisbon,
Helsinki,
Kiev,
Beirut,
Athens,
Lima,
Manila,
Stockholm,
Tehran,
Casablanca,
Hanoi,
Sofia,
Riyadh,
Oslo,
Warsaw,
Helsinki,
Auckland,
Zurich,
Oslo,
Sofia,
Vilnius,
Riga,
Bratislava,
Ljubljana,
Zagreb,
Belgrade,
Bucharest,
Skopje,
Dhaka
Kinshasa,
Medellín,
Yerevan,
Tashkent,
Harare,
Baku,
Dar es Salaam,
Minsk,
Chisinau,
Yerevan,
N'Djamena,
Ouagadougou,
Lusaka,
Asunción,
Bishkek,
Ashgabat,
Dushanbe,
Tbilisi,
Port Moresby,
Bishkek,
N'Djamena,
Ashgabat,
Paramaribo,
Antananarivo,
Windhoek,
Lilongwe,
Ouagadougou,
Bujumbura,
Dodoma,
Juba,
Mogadishu,
Libreville,
Banjul,
Gaborone,
Lilongwe,
Niamey,
Nouakchott,
Praia,
Lomé,
Porto-Novo,
Bujumbura,
Windhoek,
Maseru,
Conakry,
Ouagadougou,
Antananarivo,
Banjul,
Kingstown,
Port Moresby,
Reykjavik,
Mexico City,
Warsaw,
Manila,
Melbourne,
Lima,
Tehran,
Oslo,
Montreal,
Kiev,
Berlin,
Jakarta,
Hanoi,
Buenos Aires,
Zurich,
Nairobi,
Cairo,
Seoul,
Lisbon,
Budapest,
Vienna,
Dublin,
Copenhagen,
Kuala Lumpur,
Bratislava,
Sofia,
Riyadh,
Warsaw,
Athens,
Riga,
Belgrade,
Bucharest,
Ljubljana,
Zagreb,
Skopje,
Belmopan,
Port Moresby,
Apia,
Moroni,
Suva,
Majuro,
Tarawa,
Funafuti,
Nuku'alofa,
Port Vila,
Palikir,
Bandar Seri Begawan,
Vaduz,
Paramaribo,
Castries,